SupplierID,Email,DeliveryFrequency,Notes
101,contact@beanroasters.com,Weekly,Expanded delivery area
102,info@sweettreats.ca,Daily,Same as before
104,support@cuptech.com,Monthly,Now offers maintenance service
105,info@freshbrew.net,Weekly,Same as before
106,hello@goldencups.com,Monthly,Same as before
108,info@northstar.ca,Twice-Weekly,Adjusted schedule
109,fast@coffeeexpress.ca,Daily,Same as before
110,hello@morningoven.ca,Twice-Weekly,Adjusted schedule
111,usa@beanroasters.com,Weekly,New US supplier
